Total Time,Computation Time,Derived Communication Time,Measured Communication Time,Number of Nodes,Processes per Node,Working Set Size,Working Set Size (Bytes),Message Size,Message Size (Bytes),Total Time STD,Computation Time STD,Measured Communication Time STD,Derived Communication Time STD,Total Processes,Message Size Mul.,Number of Messages,Computational Load Type,Communication to Total Time Ratio
0.1004725078125,0.0366068203125,0.06386568749999999,0.06386209375,64,2,8MiB,8388608.0,32.0KiB,4096.0,0.021410647292511124,0.0007191075244877518,0.02178553741499073,0.02178548125714621,128.0,32KiB,2.0,MemoryBound,0.635617594707383
0.0946536640625,0.0366010625,0.0580526015625,0.058049390625,64,2,8MiB,8388608.0,256.0KiB,32768.0,0.019780165341620214,0.0006410660890023354,0.020118778955491114,0.020118688800520403,128.0,256KiB,2.0,MemoryBound,0.6132820234689476
0.15738831250000002,0.03692459375,0.12046371875,0.12046029687500001,64,2,8MiB,8388608.0,2.0MiB,262144.0,0.022520399573827364,0.0007511808041915992,0.022660887062830645,0.022660900691960556,128.0,2MiB,2.0,MemoryBound,0.7653700262845121
0.0808454765625,0.0364000234375,0.044445453125000006,0.0444421015625,64,2,8MiB,8388608.0,32.0KiB,4096.0,0.01915199263048628,0.0006942009622675438,0.019499877886172072,0.019500105768887582,128.0,32KiB,4.0,MemoryBound,0.5497166131260629
0.091791421875,0.03662078125,0.055170640625,0.05516734375,64,2,8MiB,8388608.0,256.0KiB,32768.0,0.021893644423314304,0.0008729429564830898,0.022307111657299133,0.02230718176245824,128.0,256KiB,4.0,MemoryBound,0.6010076173035641
0.08297377343750001,0.036559328125,0.0464144453125,0.046411109375,64,2,8MiB,8388608.0,32.0KiB,4096.0,0.021946327190306397,0.0008893395206325784,0.022435221592618872,0.022435067281702307,128.0,32KiB,8.0,MemoryBound,0.5593467363510853
0.10785043750000001,0.036731007812499994,0.0711194296875,0.07111621093750001,64,2,8MiB,8388608.0,256.0KiB,32768.0,0.022278328731271422,0.000762781520736092,0.022670004588818852,0.022670070217512144,128.0,256KiB,8.0,MemoryBound,0.6593965920397866
0.12083037109375,0.048188046875,0.07264232421875,0.07263759765625001,64,4,8MiB,8388608.0,32.0KiB,4096.0,0.023579219762005395,0.0007264779640001026,0.023666823504707245,0.023666779597650976,256.0,32KiB,2.0,MemoryBound,0.6011534765534393
0.1242944765625,0.04931710546875,0.07497737109375,0.07497269140625,64,4,8MiB,8388608.0,256.0KiB,32768.0,0.02295059160320166,0.0007970772443167556,0.023049503155794675,0.023049541698072776,256.0,256KiB,2.0,MemoryBound,0.6031860262797025
0.23326182421875002,0.049189503906249994,0.1840723203125,0.18406750390625,64,4,8MiB,8388608.0,2.0MiB,262144.0,0.023627238523005755,0.0012344075090594034,0.023593271675614633,0.023593295822427765,256.0,2MiB,2.0,MemoryBound,0.7891025654229378
0.0966665703125,0.04876571875,0.0479008515625,0.04789594921875,64,4,8MiB,8388608.0,32.0KiB,4096.0,0.020204340040486813,0.0007332600785351932,0.02035104095889698,0.020351010226802104,256.0,32KiB,4.0,MemoryBound,0.49547583061976647
0.11785599218750001,0.0484986875,0.0693573046875,0.06935258203125,64,4,8MiB,8388608.0,256.0KiB,32768.0,0.023452887730477382,0.0011455734457167075,0.023575025249379815,0.02357516494691719,256.0,256KiB,4.0,MemoryBound,0.5884518957756112
0.09975498828125001,0.04944384765625,0.050311140625,0.05030619921875,64,4,8MiB,8388608.0,32.0KiB,4096.0,0.024225625098920695,0.0007525538266115135,0.02437226590506165,0.024372377515409983,256.0,32KiB,8.0,MemoryBound,0.5042975803567467
0.15058131640625,0.04836726171875,0.1022140546875,0.1022094140625,64,4,8MiB,8388608.0,256.0KiB,32768.0,0.023211795772113224,0.001307053427359435,0.023164563239706566,0.023164659849821814,256.0,256KiB,8.0,MemoryBound,0.6787655766453222
0.15308897265625,0.071308421875,0.08178055078124999,0.081774533203125,64,8,8MiB,8388608.0,32.0KiB,4096.0,0.026778036077341603,0.0014829188007702023,0.026986794092834627,0.02698674250893418,512.0,32KiB,2.0,MemoryBound,0.5341634461597942
0.16591431640625,0.06964069726562501,0.096273619140625,0.09626762695312499,64,8,8MiB,8388608.0,256.0KiB,32768.0,0.02664859310108274,0.0013838428915835326,0.02661253534541996,0.02661245078306615,512.0,256KiB,2.0,MemoryBound,0.5802249560996809
0.13533348242187498,0.07242199218749999,0.062911490234375,0.06290540820312499,64,8,8MiB,8388608.0,32.0KiB,4096.0,0.02493171398273449,0.0016741622263374643,0.025227983666676664,0.025228132274244554,512.0,32KiB,4.0,MemoryBound,0.4648177751536016
0.17035222851562498,0.064966083984375,0.10538614453125,0.10538061132812501,64,8,8MiB,8388608.0,256.0KiB,32768.0,0.027696917791074062,0.002405010179531419,0.027663687549691944,0.0276638704162812,512.0,256KiB,4.0,MemoryBound,0.618604242787815
0.1399383046875,0.07135340625,0.0685848984375,0.06857897265624999,64,8,8MiB,8388608.0,32.0KiB,4096.0,0.026858075109341708,0.001541231429518597,0.027105228733413384,0.027104979476316897,512.0,32KiB,8.0,MemoryBound,0.49006576726362056
0.249588474609375,0.06443434375,0.185154130859375,0.18514867773437502,64,8,8MiB,8388608.0,256.0KiB,32768.0,0.029716621998065622,0.004399948035803768,0.029695769440966954,0.029695766666818713,512.0,256KiB,8.0,MemoryBound,0.7418158151098396
0.24368999902343752,0.09733693945312501,0.1463530595703125,0.146345380859375,64,16,8MiB,8388608.0,32.0KiB,4096.0,0.03483649463600512,0.009578634439971876,0.03705646229778041,0.037056538256296914,1024.0,32KiB,2.0,MemoryBound,0.60053913351323
0.254424298828125,0.08884520800781251,0.1655790908203125,0.16557162109375,64,16,8MiB,8388608.0,256.0KiB,32768.0,0.0343102083530122,0.009174708538386924,0.036376557447153235,0.0363764247058641,1024.0,256KiB,2.0,MemoryBound,0.650769686135997
0.22803246093750001,0.0995549619140625,0.1284774990234375,0.12846997558593748,64,16,8MiB,8388608.0,32.0KiB,4096.0,0.03625289448328841,0.008918237028515874,0.03876715509314561,0.03876695845912952,1024.0,32KiB,4.0,MemoryBound,0.5633845947097375
0.252407232421875,0.0808155263671875,0.17159170605468752,0.171584712890625,64,16,8MiB,8388608.0,256.0KiB,32768.0,0.036987785847137626,0.003940151661858386,0.03757397915183237,0.037574058672201927,1024.0,256KiB,4.0,MemoryBound,0.6797931709176908
0.2315021591796875,0.10214605859375,0.1293561005859375,0.12934863085937498,64,16,8MiB,8388608.0,32.0KiB,4096.0,0.03857916593906306,0.009018922216742137,0.04061781560918536,0.04061770198602605,1024.0,32KiB,8.0,MemoryBound,0.5587361747195502
0.28512522812499996,0.08614150234375,0.19898372578124998,0.19897683124999999,64,20,8MiB,8388608.0,32.0KiB,4096.0,0.03106001982477066,0.006689684786692645,0.033833808865998204,0.033833734491244424,1280.0,32KiB,2.0,MemoryBound,0.6978576836517876
0.30065237421875,0.09045869531249999,0.21019367890625001,0.21018639687500001,64,20,8MiB,8388608.0,256.0KiB,32768.0,0.027361723156825148,0.007855072052361488,0.030348385207458778,0.03034830844705649,1280.0,256KiB,2.0,MemoryBound,0.6991010711994965
0.2875962203125,0.08461218828125,0.20298403203125,0.20297728984375,64,20,8MiB,8388608.0,32.0KiB,4096.0,0.02552157580903778,0.006934771240573219,0.027495216159865145,0.027495038103658453,1280.0,32KiB,4.0,MemoryBound,0.7057717574424182
0.31819507109375,0.08005922890624999,0.23813584218750003,0.23812918671875,64,20,8MiB,8388608.0,256.0KiB,32768.0,0.025263133475891843,0.005873303647911512,0.027136462174368225,0.02713639992559754,1280.0,256KiB,4.0,MemoryBound,0.7483748440860979
0.298439384375,0.080159996875,0.21827938750000003,0.21827290625,64,20,8MiB,8388608.0,32.0KiB,4096.0,0.03172588941053908,0.007571845697941007,0.03566649052805849,0.03566627566454803,1280.0,32KiB,8.0,MemoryBound,0.7313810364108382
0.2929863828125,0.22757465625,0.0654117265625,0.06540471875000001,64,2,32MiB,33554432.0,32.0KiB,4096.0,0.021500768448883798,0.001151555622011347,0.021476470988960186,0.021476001126153454,128.0,32KiB,2.0,MemoryBound,0.22323467091593982
0.30214234375,0.22752862499999998,0.07461371875,0.07460746874999999,64,2,32MiB,33554432.0,256.0KiB,32768.0,0.022361290919814668,0.0011744194709514993,0.0222043195892353,0.02220431898581948,128.0,256KiB,2.0,MemoryBound,0.24692821212683796
0.35343533593750004,0.22782000000000002,0.1256153359375,0.12560867187500002,64,2,32MiB,33554432.0,2.0MiB,262144.0,0.020449053928023382,0.0027314202950342505,0.020158317598647935,0.02015838710735456,128.0,2MiB,2.0,MemoryBound,0.3553936437674475
0.7753601484374999,0.22713106249999998,0.5482290859375,0.5482223046875,64,2,32MiB,33554432.0,16.0MiB,2097152.0,0.019293497020567683,0.001877393537885371,0.019051865696270483,0.019051945606037915,128.0,16MiB,2.0,MemoryBound,0.7070550450552219
0.2761822734375,0.2276213125,0.048560960937499995,0.0485541953125,64,2,32MiB,33554432.0,32.0KiB,4096.0,0.020564257703261972,0.0012631010187604747,0.020738228932358604,0.020737735035739478,128.0,32KiB,4.0,MemoryBound,0.17580489402223637
0.27733136718749996,0.227861109375,0.0494702578125,0.0494641953125,64,2,32MiB,33554432.0,256.0KiB,32768.0,0.007135869269567712,0.0019117125921309691,0.0073147374440861185,0.007314728796286313,128.0,256KiB,4.0,MemoryBound,0.17835773794407445
0.38682491406249997,0.22718101562499998,0.1596438984375,0.1596372421875,64,2,32MiB,33554432.0,2.0MiB,262144.0,0.020490830716531534,0.0017583741779711904,0.020378415289968154,0.020378142872573,128.0,2MiB,4.0,MemoryBound,0.4126860405938257
0.2777076015625,0.228037875,0.0496697265625,0.0496631171875,64,2,32MiB,33554432.0,32.0KiB,4096.0,0.022577792611857786,0.0013271337477341908,0.0227988195735482,0.022798436930287446,128.0,32KiB,8.0,MemoryBound,0.17883240108687834
0.3048616953125,0.227862203125,0.07699949218749999,0.0769930546875,64,2,32MiB,33554432.0,256.0KiB,32768.0,0.018698595329746107,0.0025645263919465196,0.018572554379004298,0.01857271133696394,128.0,256KiB,8.0,MemoryBound,0.2525507660402462
0.5044482968749999,0.2274246171875,0.2770236796875,0.2770171796875,64,2,32MiB,33554432.0,2.0MiB,262144.0,0.021011616935028236,0.0021938250881775156,0.020940482545938974,0.02094044198022304,128.0,2MiB,8.0,MemoryBound,0.5491488055437793
0.298142265625,0.2416021875,0.056540078125000004,0.05653449218749999,64,4,32MiB,33554432.0,32.0KiB,4096.0,0.008344648060737394,0.0010807671447142307,0.008374277172628182,0.008374210857979186,256.0,32KiB,2.0,MemoryBound,0.18962253496325288
0.31903563671875,0.2414003515625,0.07763528515625,0.07762972265625,64,4,32MiB,33554432.0,256.0KiB,32768.0,0.02246534037370251,0.00142534742524544,0.022176692826742093,0.02217657697677816,256.0,256KiB,2.0,MemoryBound,0.24332617965398481
0.42292453906249994,0.24164033203125,0.18128420703125,0.1812786875,64,4,32MiB,33554432.0,2.0MiB,262144.0,0.021512114156876216,0.0017343591742266073,0.021318404080032147,0.021318406755154846,256.0,2MiB,2.0,MemoryBound,0.42863128231301467
0.2792574921875,0.2424619140625,0.036795578125000006,0.0367902109375,64,4,32MiB,33554432.0,32.0KiB,4096.0,0.004665023288386562,0.0014977282147021016,0.00488003250605904,0.0048798157201523995,256.0,32KiB,4.0,MemoryBound,0.13174296828819973
0.31320651953125,0.24127780468749999,0.07192871484375,0.07192333203125001,64,4,32MiB,33554432.0,256.0KiB,32768.0,0.021736367645526555,0.0014887952898159054,0.02171356076863112,0.021713530183550694,256.0,256KiB,4.0,MemoryBound,0.22963548823597812
0.5302768007812501,0.241750359375,0.28852644140625006,0.28852096484375,64,4,32MiB,33554432.0,2.0MiB,262144.0,0.020647606751907247,0.0016049182282244496,0.020527200464289033,0.020527478812245592,256.0,2MiB,4.0,MemoryBound,0.5440950168264495
0.29517441796875,0.24137798046875003,0.0537964375,0.05379103515625,64,4,32MiB,33554432.0,32.0KiB,4096.0,0.022403093073477508,0.0015103176364261194,0.022305781833547,0.022305899136267602,256.0,32KiB,8.0,MemoryBound,0.1822347462439812
0.346304328125,0.24187243359375,0.10443189453125,0.10442631250000001,64,4,32MiB,33554432.0,256.0KiB,32768.0,0.02207797405773221,0.001600830757068876,0.022192636645458414,0.022192351612886144,256.0,256KiB,8.0,MemoryBound,0.3015449245621524
0.7767391445312499,0.24113205078125,0.5356070937499999,0.535601515625,64,4,32MiB,33554432.0,2.0MiB,262144.0,0.020995016169733996,0.0016552341605729124,0.020984081321840868,0.020984402793517522,256.0,2MiB,8.0,MemoryBound,0.6895513370170462
0.388376435546875,0.30305520703125,0.08532122851562501,0.08531592773437499,64,8,32MiB,33554432.0,32.0KiB,4096.0,0.026097900227881162,0.002910559782946712,0.026072918109239437,0.02607289905060154,512.0,32KiB,2.0,MemoryBound,0.2196732858270383
0.38893021875,0.302505412109375,0.086424806640625,0.086419482421875,64,8,32MiB,33554432.0,256.0KiB,32768.0,0.011748479400402407,0.0025687622680838893,0.012152889838448807,0.0121528009329268,512.0,256KiB,2.0,MemoryBound,0.22219791174782558
0.621776771484375,0.302999126953125,0.31877764453125,0.318772396484375,64,8,32MiB,33554432.0,2.0MiB,262144.0,0.02414207306758297,0.004439425797512251,0.024325077276201833,0.02432528240334628,512.0,2MiB,2.0,MemoryBound,0.5126798090629309
0.371460447265625,0.300726021484375,0.07073442578125,0.070728951171875,64,8,32MiB,33554432.0,32.0KiB,4096.0,0.020677703094559373,0.0024953450259165657,0.02125730553143084,0.02125749862021027,512.0,32KiB,4.0,MemoryBound,0.19040775859858355
0.40141192187499997,0.30206977539062496,0.099342146484375,0.09933691015625,64,8,32MiB,33554432.0,256.0KiB,32768.0,0.012683190053736835,0.003928327788910793,0.013735442131457422,0.013735671641581244,512.0,256KiB,4.0,MemoryBound,0.2474687590050791
0.866319103515625,0.29861133203125,0.567707771484375,0.567702310546875,64,8,32MiB,33554432.0,2.0MiB,262144.0,0.027653981919551165,0.006111312389669689,0.028523446549013325,0.028523520856844224,512.0,2MiB,4.0,MemoryBound,0.6553039269745665
0.36530335351562504,0.304452279296875,0.060851074218749995,0.060845787109374994,64,8,32MiB,33554432.0,32.0KiB,4096.0,0.013679338340419369,0.0031834485094355816,0.014510744058673152,0.0145106533953277,512.0,32KiB,8.0,MemoryBound,0.16656235570739827
0.471315861328125,0.30164237499999996,0.169673486328125,0.169667958984375,64,8,32MiB,33554432.0,256.0KiB,32768.0,0.012310685517724714,0.004364490966256116,0.01351744424216777,0.01351741364146635,512.0,256KiB,8.0,MemoryBound,0.35998779779289886
1.4095944296875,0.295607849609375,1.113986580078125,1.1139811074218748,64,8,32MiB,33554432.0,2.0MiB,262144.0,0.03759469393077915,0.010575028808639461,0.039713194944223686,0.03971343954189178,512.0,2MiB,8.0,MemoryBound,0.7902848393554157
0.6624131943359375,0.50263862109375,0.15977457324218752,0.1597662744140625,64,16,32MiB,33554432.0,32.0KiB,4096.0,0.03326559952063267,0.026153272425968013,0.04525263757806142,0.045253159705101444,1024.0,32KiB,2.0,MemoryBound,0.24118824289758686
0.6682661748046875,0.49365383203125,0.1746123427734375,0.17460365625,64,16,32MiB,33554432.0,256.0KiB,32768.0,0.026327610421820555,0.02750521869631895,0.03773003643817451,0.037730108934738486,1024.0,256KiB,2.0,MemoryBound,0.26127860848415824
1.0663076406249998,0.46537823535156253,0.6009294052734375,0.6009225722656251,64,16,32MiB,33554432.0,2.0MiB,262144.0,0.018325911924725678,0.03183328543122712,0.03257176621402988,0.03257197485417768,1024.0,2MiB,2.0,MemoryBound,0.5635545966015995
0.6436073359375001,0.470981283203125,0.17262605273437498,0.172617740234375,64,16,32MiB,33554432.0,32.0KiB,4096.0,0.029640551387468513,0.03683636923153507,0.053642413664568143,0.05364240521291449,1024.0,32KiB,4.0,MemoryBound,0.2682035001713183
0.6839098955078124,0.49536525,0.1885446455078125,0.1885370830078125,64,16,32MiB,33554432.0,256.0KiB,32768.0,0.027464063536223084,0.014828433846954831,0.032906415558165314,0.032906733971249845,1024.0,256KiB,4.0,MemoryBound,0.27567532542839013
1.6188213583984374,0.48783681640625,1.1309845419921876,1.1309779619140625,64,16,32MiB,33554432.0,2.0MiB,262144.0,0.027145635230580733,0.03984925516266305,0.04487172643153806,0.044871986480685765,1024.0,2MiB,4.0,MemoryBound,0.6986428465664567
0.6514090986328125,0.51709924609375,0.13430985253906247,0.1343025263671875,64,16,32MiB,33554432.0,32.0KiB,4096.0,0.038375606518428654,0.014586174890408332,0.04433785881499165,0.044337965617739575,1024.0,32KiB,8.0,MemoryBound,0.20617232189274565
0.8111758994140625,0.450127162109375,0.3610487373046875,0.36104149707031247,64,16,32MiB,33554432.0,256.0KiB,32768.0,0.03833018427833568,0.031850471502640545,0.045620930062436366,0.04562116776123518,1024.0,256KiB,8.0,MemoryBound,0.44508410238901813
0.8074977687499999,0.45447626484375,0.35302150390625,0.3530124453125,64,20,32MiB,33554432.0,32.0KiB,4096.0,0.028921530845488166,0.032977781551125664,0.049258958943606865,0.04925916459775515,1280.0,32KiB,2.0,MemoryBound,0.4371683229031833
0.82430658046875,0.45530721640625,0.36899936406249995,0.36899045781249995,64,20,32MiB,33554432.0,256.0KiB,32768.0,0.031464369656328525,0.02559115466424409,0.045590135447622825,0.04559013810549817,1280.0,256KiB,2.0,MemoryBound,0.44763740403803387
1.2278430234375002,0.4766790078125,0.7511640156249999,0.75115652109375,64,20,32MiB,33554432.0,2.0MiB,262144.0,0.03165976104235194,0.054457642195204124,0.06326850119963325,0.06326848701339252,1280.0,2MiB,2.0,MemoryBound,0.6117691812026534
0.79433896875,0.4749466765625,0.3193922921875,0.31938343593749996,64,20,32MiB,33554432.0,32.0KiB,4096.0,0.030655106905201554,0.03278292977243093,0.05297008025362604,0.052970030010439054,1280.0,32KiB,4.0,MemoryBound,0.4020744902394668
0.8092117031249998,0.47406461250000004,0.335147090625,0.33513819375000004,64,20,32MiB,33554432.0,256.0KiB,32768.0,0.035098374155289276,0.0348760159242911,0.057182482126699206,0.057182267696836965,1280.0,256KiB,4.0,MemoryBound,0.4141539135627539
1.8172074656249997,0.44504428125000006,1.372163184375,1.372156084375,64,20,32MiB,33554432.0,2.0MiB,262144.0,0.04205961221415467,0.051824963057351986,0.05726961465397472,0.057269649792031585,1280.0,2MiB,4.0,MemoryBound,0.7550904948010814
0.8236893140625,0.43306849140625003,0.39062082265625,0.39061243828125003,64,20,32MiB,33554432.0,32.0KiB,4096.0,0.035072149085378125,0.030879892421180423,0.05433416377457307,0.054334153677158534,1280.0,32KiB,8.0,MemoryBound,0.4742230251291218
0.8802861546875,0.4564526562499999,0.42383349843749996,0.423825375,64,20,32MiB,33554432.0,256.0KiB,32768.0,0.03475069134594856,0.037043366230452096,0.05332815341745507,0.05332820060035659,1280.0,256KiB,8.0,MemoryBound,0.4814631841511323
0.989554,0.8782902968749999,0.111263703125,0.11125715625,64,2,128MiB,134217728.0,2.0MiB,262144.0,0.014414140316456627,0.005017358618398252,0.014057826499763787,0.01405817501400396,128.0,2MiB,2.0,MemoryBound,0.11243161692034997
1.4230224218749998,0.876790171875,0.54623225,0.546225609375,64,2,128MiB,134217728.0,16.0MiB,2097152.0,0.011218068958165048,0.004171186428398876,0.011560307872085942,0.011560480210073458,128.0,16MiB,2.0,MemoryBound,0.38384891269336663
1.0402787890625,0.8776217421875,0.162657046875,0.16265084375,64,2,128MiB,134217728.0,2.0MiB,262144.0,0.014178978872046558,0.0051807929054195215,0.014211932221199233,0.014212111482079386,128.0,2MiB,4.0,MemoryBound,0.1563531290458984
1.8824267109375001,0.8766033828124999,1.005823328125,1.0058168359375,64,2,128MiB,134217728.0,16.0MiB,2097152.0,0.015957583199372037,0.005884944734926752,0.01599097133139576,0.015991235463288442,128.0,16MiB,4.0,MemoryBound,0.5343192540210905
1.1591885781250002,0.8777102812500001,0.28147829687500003,0.28147199218749996,64,2,128MiB,134217728.0,2.0MiB,262144.0,0.020366949081404444,0.00643964884516411,0.020364298272150857,0.020364217740377118,128.0,2MiB,8.0,MemoryBound,0.24281812079513748
2.8504323124999997,0.87627365625,1.9741586562499998,1.97415271875,64,2,128MiB,134217728.0,16.0MiB,2097152.0,0.012957066926578855,0.002518266118028626,0.013120736649204321,0.013121134249416508,128.0,16MiB,8.0,MemoryBound,0.6925801079691487
1.0542784257812499,0.9336905507812501,0.120587875,0.12058148046875,64,4,128MiB,134217728.0,256.0KiB,32768.0,0.017521374388758837,0.006283721032401601,0.017345665393097665,0.017345481779081188,256.0,256KiB,2.0,MemoryBound,0.11437346863983842
1.1172335859375,0.93671834375,0.18051524218749998,0.18050974609374998,64,4,128MiB,134217728.0,2.0MiB,262144.0,0.019305067078735826,0.004881218576143251,0.019140347246198612,0.019140336911197715,256.0,2MiB,2.0,MemoryBound,0.16156849235988507
1.98071126953125,0.93661883203125,1.0440924375,1.0440871171875,64,4,128MiB,134217728.0,16.0MiB,2097152.0,0.015682977154834844,0.0037974608847235326,0.015875973486205647,0.015876103779663833,256.0,16MiB,2.0,MemoryBound,0.527127367450477
1.219091609375,0.93732605078125,0.28176555859374997,0.28176037890625,64,4,128MiB,134217728.0,2.0MiB,262144.0,0.018521493241904448,0.006011450655032445,0.019209080506959107,0.01920911316125446,256.0,2MiB,4.0,MemoryBound,0.23112322055165488
3.0100116718750005,0.936162734375,2.0738489375,2.0738438046875,64,4,128MiB,134217728.0,16.0MiB,2097152.0,0.021277594316010177,0.0047091441084480355,0.021285967825093496,0.021285973791534796,256.0,16MiB,4.0,MemoryBound,0.6889819810551293
1.46077690234375,0.9373697265625001,0.52340717578125,0.52340224609375,64,4,128MiB,134217728.0,2.0MiB,262144.0,0.014464999100004108,0.004750615571485912,0.014660800309293117,0.014660825880968294,256.0,2MiB,8.0,MemoryBound,0.35830402661349237
1.5007881777343748,1.20402130078125,0.296766876953125,0.29676180078125,64,8,128MiB,134217728.0,2.0MiB,262144.0,0.009707570916922642,0.00893447640088484,0.012154164605162067,0.012154482374799535,512.0,2MiB,2.0,MemoryBound,0.19773729909656443
3.3462689257812497,1.20548784765625,2.140781078125,2.1407760234374997,64,8,128MiB,134217728.0,16.0MiB,2097152.0,0.015333887939150637,0.011872090219334172,0.020603862266580796,0.02060403068239522,512.0,16MiB,2.0,MemoryBound,0.6397501428961496
1.762546416015625,1.199426255859375,0.5631201601562501,0.5631150976562501,64,8,128MiB,134217728.0,2.0MiB,262144.0,0.008473840122094683,0.01445995412104004,0.015835258930523153,0.01583551150628726,512.0,2MiB,4.0,MemoryBound,0.3194895138870817
5.56277558203125,1.18091503515625,4.381860546875001,4.381855396484375,64,8,128MiB,134217728.0,16.0MiB,2097152.0,0.0629230468107696,0.039223726538924454,0.07471615405845082,0.07471649039738477,512.0,16MiB,4.0,MemoryBound,0.7877102593601912
1.372665951171875,1.2058299609375,0.166835990234375,0.16683110546875,64,8,128MiB,134217728.0,256.0KiB,32768.0,0.008199109802549084,0.009056688420980601,0.0116749311760472,0.011674917032205797,512.0,256KiB,8.0,MemoryBound,0.1215380226531609
2.2957798007812498,1.2010922128906252,1.094687587890625,1.0946825312500001,64,8,128MiB,134217728.0,2.0MiB,262144.0,0.01579625076682555,0.016733165295082945,0.023757278576765132,0.023757419352717354,512.0,2MiB,8.0,MemoryBound,0.476823836013141
2.75476681640625,2.1597410830078125,0.5950257333984375,0.59501961328125,64,16,128MiB,134217728.0,2.0MiB,262144.0,0.013834789624655704,0.04088679495979025,0.04185231614846511,0.04185279271253118,1024.0,2MiB,2.0,MemoryBound,0.21599636300886144
6.483122004882813,2.14924840234375,4.333873602539063,4.333867596679687,64,16,128MiB,134217728.0,16.0MiB,2097152.0,0.04291225059481594,0.06841371824469623,0.07653783843116595,0.076538285016231,1024.0,16MiB,2.0,MemoryBound,0.6684846580730088
3.276301607421875,2.13212721484375,1.1441743925781251,1.1441680458984376,64,16,128MiB,134217728.0,2.0MiB,262144.0,0.0413811549828545,0.06959436433451861,0.07550429834532578,0.07550495181426706,1024.0,2MiB,4.0,MemoryBound,0.349225493558508
2.45287583203125,2.0771887529296875,0.3756870791015625,0.3756799560546875,64,16,128MiB,134217728.0,256.0KiB,32768.0,0.016065543948477385,0.056379542917744205,0.050629503748114056,0.05063019256204463,1024.0,256KiB,8.0,MemoryBound,0.15315897818748672
4.322870075195313,2.041556970703125,2.2813131044921877,2.2813069462890625,64,16,128MiB,134217728.0,2.0MiB,262144.0,0.07037691359549483,0.14292076643121618,0.1564927028450467,0.15649312556690484,1024.0,2MiB,8.0,MemoryBound,0.5277297042488583
2.9093267078125002,2.3086366234374998,0.6006900843749999,0.600679653125,64,20,128MiB,134217728.0,32.0KiB,4096.0,0.03560242619880264,0.15188065985164886,0.16019912473490508,0.16019905052748265,1280.0,32KiB,2.0,MemoryBound,0.20646689542015936
2.9169069999999997,2.5394207140625,0.3774862859375,0.37747621484375,64,20,128MiB,134217728.0,256.0KiB,32768.0,0.014226314548278567,0.1651189549110763,0.1616799597319837,0.16168009260469265,1280.0,256KiB,2.0,MemoryBound,0.12940975315419725
3.264358208593751,2.5451187984374997,0.71923941015625,0.7192316156249999,64,20,128MiB,134217728.0,2.0MiB,262144.0,0.029709951056044882,0.09239271616191701,0.08656152946600727,0.08656190436260625,1280.0,2MiB,2.0,MemoryBound,0.22032864338587305
7.78245696796875,2.4815530140625,5.30090395390625,5.3008973609375,64,20,128MiB,134217728.0,16.0MiB,2097152.0,0.06042463934715815,0.12848136698600912,0.1386503981047669,0.13865080634464036,1280.0,16MiB,2.0,MemoryBound,0.6811341691647097
2.9185295203125,2.5055576289062502,0.41297189140625007,0.41296255078124994,64,20,128MiB,134217728.0,32.0KiB,4096.0,0.028072668742889852,0.1369247557440443,0.14387565957604215,0.14387577022678796,1280.0,32KiB,4.0,MemoryBound,0.14149678730576354
2.9161956765625,2.40279874453125,0.51339693203125,0.5133862765624999,64,20,128MiB,134217728.0,256.0KiB,32768.0,0.026566442758147936,0.15869216838698638,0.16001113626557395,0.16001071687327473,1280.0,256KiB,4.0,MemoryBound,0.17604658037476417
3.8460786546875,2.296798946875,1.5492797078125,1.5492722476562502,64,20,128MiB,134217728.0,2.0MiB,262144.0,0.06652846358586965,0.14220623414913436,0.14325575662652948,0.1432560078275371,1280.0,2MiB,4.0,MemoryBound,0.4028186594072999
2.91699813984375,2.4380092640625,0.47898887578125005,0.47897883437500005,64,20,128MiB,134217728.0,32.0KiB,4096.0,0.023444850689969755,0.19575477325644805,0.19508859557791078,0.19508870101571596,1280.0,32KiB,8.0,MemoryBound,0.16420265334850598
2.97915950234375,2.54451984921875,0.43463965312499997,0.43463074140625,64,20,128MiB,134217728.0,256.0KiB,32768.0,0.02583871015731522,0.07663741724377718,0.0857042691937359,0.08570454336537345,1280.0,256KiB,8.0,MemoryBound,0.14589038991175848
5.109658443750001,2.2501253890625,2.8595330546874997,2.8595262648437503,64,20,128MiB,134217728.0,2.0MiB,262144.0,0.10229121484211125,0.1829676869140129,0.1698786540906001,0.16987882784467234,1280.0,2MiB,8.0,MemoryBound,0.5596315871839628
2.5282093906250003,1.9901876875000002,0.538021703125,0.5380149609375,64,2,256MiB,268435456.0,16.0MiB,2097152.0,0.011774689727357441,0.007771994069001436,0.013301329113806132,0.013301489479776888,128.0,16MiB,2.0,MemoryBound,0.21280474747564204
2.2263986484375,1.99590646875,0.23049217968750002,0.2304859609375,64,2,256MiB,268435456.0,2.0MiB,262144.0,0.007105520532689109,0.016187405451913814,0.016598446193470538,0.01659867026744612,128.0,2MiB,4.0,MemoryBound,0.10352412003989334
3.0101370546875,1.9911855625000001,1.0189514921875,1.0189450703124998,64,2,256MiB,268435456.0,16.0MiB,2097152.0,0.01278073261746746,0.008342036428675178,0.014272995511730136,0.014272893126042779,128.0,16MiB,4.0,MemoryBound,0.3385045437468569
2.260149265625,1.9923818515625,0.2677674140625,0.2677612109375,64,2,256MiB,268435456.0,2.0MiB,262144.0,0.0020342573486885483,0.0083450827185552,0.008075662965869606,0.008075363749089867,128.0,2MiB,8.0,MemoryBound,0.1184705873235571
3.965809421875,1.99163553125,1.974173890625,1.974167578125,64,2,256MiB,268435456.0,16.0MiB,2097152.0,0.012951150273847179,0.01059354672587979,0.014541733297333288,0.014541967405385253,128.0,16MiB,8.0,MemoryBound,0.49779688535603683
3.14892649609375,2.0845493867187503,1.064377109375,1.06437167578125,64,4,256MiB,268435456.0,16.0MiB,2097152.0,0.016393752429469426,0.012783312971151777,0.020433721599708986,0.020433678637100248,256.0,16MiB,2.0,MemoryBound,0.33801096249836426
2.3611656171875,2.0831583164062497,0.27800730078125,0.27800208203125,64,4,256MiB,268435456.0,2.0MiB,262144.0,0.007869137493557804,0.011619704808026252,0.013233777659376108,0.013234010377775206,256.0,2MiB,4.0,MemoryBound,0.11773934026804604
4.17098557421875,2.08095005078125,2.0900355234375,2.090029890625,64,4,256MiB,268435456.0,16.0MiB,2097152.0,0.017383450658127526,0.01311142585959437,0.020101955339917488,0.02010206685481341,256.0,16MiB,4.0,MemoryBound,0.5010877773214247
2.6345310546875,2.08456987890625,0.5499611757812499,0.5499557578125001,64,4,256MiB,268435456.0,2.0MiB,262144.0,0.014049754828437289,0.011422878701324815,0.0163241641843111,0.01632423834544646,256.0,2MiB,8.0,MemoryBound,0.20874901316269895
6.1150102851562504,2.082780140625,4.032230144531249,4.032224796875,64,4,256MiB,268435456.0,16.0MiB,2097152.0,0.011712285831850555,0.011755279778036429,0.014253852848582809,0.014253958296959291,256.0,16MiB,8.0,MemoryBound,0.6593978765110072
2.88759175390625,2.579924591796875,0.30766716210937506,0.30766116796875,64,8,256MiB,268435456.0,2.0MiB,262144.0,0.011127685746472646,0.02541959094486127,0.025650976007242497,0.025651258561561453,512.0,2MiB,2.0,MemoryBound,0.10654593661051806
4.709236505859375,2.5864411328125003,2.122795373046875,2.1227893007812497,64,8,256MiB,268435456.0,16.0MiB,2097152.0,0.014416472730871639,0.025331281105140987,0.02710750451723135,0.027108005989631232,512.0,16MiB,2.0,MemoryBound,0.4507714356966381
3.138018798828125,2.585360451171875,0.55265834765625,0.5526526113281249,64,8,256MiB,268435456.0,2.0MiB,262144.0,0.0187866426310877,0.026414584138622473,0.02760075371061189,0.027601216235236654,512.0,2MiB,4.0,MemoryBound,0.1761151372115775
6.929781216796876,2.56197010546875,4.367811111328125,4.367805125,64,8,256MiB,268435456.0,16.0MiB,2097152.0,0.05465060360476457,0.0432139972657493,0.06600262668580531,0.06600260929688594,512.0,16MiB,4.0,MemoryBound,0.6302948085017485
3.647688314453125,2.582607228515625,1.0650810859375,1.0650750683593748,64,8,256MiB,268435456.0,2.0MiB,262144.0,0.023377886447384897,0.026501066881688032,0.030782638411790342,0.03078288238565676,512.0,2MiB,8.0,MemoryBound,0.29198631476797515
11.09175340234375,2.5483878906250004,8.543365511718749,8.54335951953125,64,8,256MiB,268435456.0,16.0MiB,2097152.0,0.123231319891897,0.06814791060557913,0.1463795101929893,0.14637930582124922,512.0,16MiB,8.0,MemoryBound,0.7702442715437571
5.138036890624999,4.569130153320312,0.5689067373046874,0.5688990957031249,64,16,256MiB,268435456.0,2.0MiB,262144.0,0.015268562853173778,0.046792400813377946,0.043318047152137704,0.04331882402788111,1024.0,2MiB,2.0,MemoryBound,0.1107230461387215
8.834018967773437,4.550430982421875,4.283587985351563,4.2835802763671875,64,16,256MiB,268435456.0,16.0MiB,2097152.0,0.021365654720752705,0.07115810339071547,0.06994871235679621,0.06994938498935808,1024.0,16MiB,2.0,MemoryBound,0.4848959790548015
5.676887747070313,4.57663049609375,1.1002572509765625,1.10024968359375,64,16,256MiB,268435456.0,2.0MiB,262144.0,0.022839034183584832,0.06516067832256672,0.0595923774537263,0.059593146816088224,1024.0,2MiB,4.0,MemoryBound,0.19381212604768502
13.259732296874999,4.361222754882813,8.898509541992187,8.898502064453124,64,16,256MiB,268435456.0,16.0MiB,2097152.0,0.16061186210140097,0.26300863335226404,0.2916642630634535,0.29166470016248,1024.0,16MiB,4.0,MemoryBound,0.6710921355893654
6.72399288671875,4.511789470703125,2.212203416015625,2.212195876953125,64,16,256MiB,268435456.0,2.0MiB,262144.0,0.05658441292964555,0.13245811006432787,0.13145169322702707,0.1314523409639669,1024.0,2MiB,8.0,MemoryBound,0.3290003297479182
5.98010951640625,5.28449566484375,0.6956138515625,0.69560201953125,64,20,256MiB,268435456.0,32.0KiB,4096.0,0.036167728383550625,0.19823866652776304,0.19603164688172106,0.19603178737926463,1280.0,32KiB,2.0,MemoryBound,0.11631927770267197
5.992511765625,5.16760851953125,0.8249032460937501,0.824891503125,64,20,256MiB,268435456.0,256.0KiB,32768.0,0.042201936399716235,0.18095976052829377,0.18576297595900346,0.1857630589009102,1280.0,256KiB,2.0,MemoryBound,0.13765371440016963
6.2542041515625,5.533010746093749,0.72119340546875,0.7211841125,64,20,256MiB,268435456.0,2.0MiB,262144.0,0.034829542616893916,0.10652838884642175,0.10527188830126448,0.10527255556390339,1280.0,2MiB,2.0,MemoryBound,0.11531189181277768
10.631121864062502,5.2844147078125,5.34670715625,5.3466991617187505,64,20,256MiB,268435456.0,16.0MiB,2097152.0,0.10419604204437309,0.24700728599753125,0.22836737630169834,0.22836772168629965,1280.0,16MiB,2.0,MemoryBound,0.5029289693115794
5.961740221875,5.251469770312501,0.7102704515625,0.71025874296875,64,20,256MiB,268435456.0,32.0KiB,4096.0,0.039666795045878216,0.19971169035807215,0.20394039193002886,0.20394005140323443,1280.0,32KiB,4.0,MemoryBound,0.11913614423564564
5.97196492109375,5.19130550859375,0.7806594125,0.78064756171875,64,20,256MiB,268435456.0,256.0KiB,32768.0,0.054651613174963136,0.22411347210824697,0.23400809858300897,0.23400797254359232,1280.0,256KiB,4.0,MemoryBound,0.130718711853347
6.6687052,5.1811085187499994,1.4875966812499999,1.4875875359375,64,20,256MiB,268435456.0,2.0MiB,262144.0,0.05779513609099979,0.22071065236675957,0.21430218523401048,0.21430258310082842,1280.0,2MiB,4.0,MemoryBound,0.22306992007046586
15.74243843203125,5.12072693046875,10.621711501562501,10.62170383203125,64,20,256MiB,268435456.0,16.0MiB,2097152.0,0.1702562515118023,0.34188831353851507,0.34079495759601697,0.3407951931701108,1280.0,16MiB,4.0,MemoryBound,0.674717825824187
5.98451097734375,4.85382505078125,1.1306859265625,1.1306749101562499,64,20,256MiB,268435456.0,32.0KiB,4096.0,0.0763788398360351,0.19276744124717374,0.21247216000045724,0.2124719934172632,1280.0,32KiB,8.0,MemoryBound,0.18893355103479226
6.00597134609375,5.27740785859375,0.7285634875,0.7285517226562499,64,20,256MiB,268435456.0,256.0KiB,32768.0,0.038987413560096565,0.23716239207617487,0.23650018448925242,0.23649993590570254,1280.0,256KiB,8.0,MemoryBound,0.1213045618557764
7.98551489765625,5.1856712445312505,2.799843653125,2.79983525625,64,20,256MiB,268435456.0,2.0MiB,262144.0,0.1051904216699395,0.22114500293685005,0.23012475338399663,0.23012499681674697,1280.0,2MiB,8.0,MemoryBound,0.3506142424293457
4.328228296875,3.7806683359375,0.5475599609374999,0.5475532734375,64,2,512MiB,536870912.0,16.0MiB,2097152.0,0.008981994956369133,0.010289279963933763,0.012826366464554343,0.012826721851033753,128.0,16MiB,2.0,MemoryBound,0.12650748432859604
4.8532650078124995,3.77942175,1.0738432578125,1.0738366328125,64,2,512MiB,536870912.0,16.0MiB,2097152.0,0.010006202693904521,0.010610003027803535,0.013815825109312539,0.013815462602668077,128.0,16MiB,4.0,MemoryBound,0.2212606628906316
6.0083491640624995,3.7794046093750002,2.2289445546874997,2.2289378359375,64,2,512MiB,536870912.0,16.0MiB,2097152.0,0.026213955079659294,0.014940696383553786,0.030754709845042773,0.030754442641675924,128.0,16MiB,8.0,MemoryBound,0.37097341966564745
5.041701765625,3.984669046875,1.05703271875,1.0570269921875002,64,4,512MiB,536870912.0,16.0MiB,2097152.0,0.011308439194831136,0.016318346900833062,0.018576084145050638,0.018576815350994935,256.0,16MiB,2.0,MemoryBound,0.2096567868005308
6.39535952734375,3.97680105078125,2.4185584765625,2.41855247265625,64,4,512MiB,536870912.0,16.0MiB,2097152.0,0.0486656379966033,0.021698969745159054,0.05034076709279905,0.05034076064836227,256.0,16MiB,4.0,MemoryBound,0.37817302722631646
4.58952819140625,3.98164239453125,0.607885796875,0.6078800390625,64,4,512MiB,536870912.0,2.0MiB,262144.0,0.02706603964796258,0.016132490652498107,0.03149675246017495,0.0314971757188391,256.0,2MiB,8.0,MemoryBound,0.13244935289878743
8.39107416015625,3.9776689140625,4.413405246093751,4.413399296874999,64,4,512MiB,536870912.0,16.0MiB,2097152.0,0.11204000801852322,0.017104185939607806,0.11334058768619695,0.11334080121101264,256.0,16MiB,8.0,MemoryBound,0.525963567075996
6.950172517578125,4.844071603515625,2.1061009140625,2.106094994140625,64,8,512MiB,536870912.0,16.0MiB,2097152.0,0.021345963472333376,0.03395528101393622,0.0400322905158727,0.040032853380170645,512.0,16MiB,2.0,MemoryBound,0.303027728997225
9.083625697265624,4.82021544921875,4.263410248046876,4.263404279296875,64,8,512MiB,536870912.0,16.0MiB,2097152.0,0.05424361962120085,0.04752778607460768,0.0703550344200624,0.0703553353697586,512.0,16MiB,4.0,MemoryBound,0.4693505018134175
5.894451185546875,4.833936373046875,1.0605148125,1.060509158203125,64,8,512MiB,536870912.0,2.0MiB,262144.0,0.025650960734298532,0.03258212457696285,0.04282224717728931,0.0428227224595957,512.0,2MiB,8.0,MemoryBound,0.17991652230549995
13.34140298828125,4.805270916015624,8.536132072265623,8.53612630078125,64,8,512MiB,536870912.0,16.0MiB,2097152.0,0.16679922016278714,0.07048327664225942,0.18697671616596115,0.18697699375384982,512.0,16MiB,8.0,MemoryBound,0.6398222367077261
13.045561573242189,8.77211540234375,4.2734461708984375,4.273438623046875,64,16,512MiB,536870912.0,16.0MiB,2097152.0,0.026153801357914407,0.1120556004951922,0.11521243756901525,0.11521302337021012,1024.0,16MiB,2.0,MemoryBound,0.32757797347813256
9.998962346679688,8.673539829101562,1.325422517578125,1.32541474609375,64,16,512MiB,536870912.0,2.0MiB,262144.0,0.13586347537422852,0.19954655914387315,0.30602132476465244,0.30602202061569134,1024.0,2MiB,4.0,MemoryBound,0.13255522924675026
17.757747205078125,8.452993715820313,9.304753489257813,9.304745818359375,64,16,512MiB,536870912.0,16.0MiB,2097152.0,0.4003716885274547,0.37192650017061224,0.6200494850615506,0.620049702862483,1024.0,16MiB,4.0,MemoryBound,0.5239823335078522
11.103662772460938,8.446921494140625,2.656741278320313,2.6567333896484375,64,16,512MiB,536870912.0,2.0MiB,262144.0,0.23750806158598495,0.3502427387758119,0.5067996579621038,0.5068002268961971,1024.0,2MiB,8.0,MemoryBound,0.23926639741235745
26.049094045898435,8.200466708007813,17.848627337890626,17.848619736328125,64,16,512MiB,536870912.0,16.0MiB,2097152.0,0.5754395814496022,0.5620867035483262,0.8724999421420001,0.8725003959786066,1024.0,16MiB,8.0,MemoryBound,0.685191573452762
11.30735285625,10.104538671875,1.202814184375,1.202802459375,64,20,512MiB,536870912.0,256.0KiB,32768.0,0.07721674697647743,0.4652404202263903,0.4686071055452997,0.4686069558573502,1280.0,256KiB,2.0,MemoryBound,0.10637347880323428
15.46320053671875,10.10182732578125,5.3613732109375,5.3613647226562495,64,20,512MiB,536870912.0,16.0MiB,2097152.0,0.190073314843087,0.3597769866312185,0.39298634568024093,0.39298662631531495,1280.0,16MiB,2.0,MemoryBound,0.3467176610640993
11.30231379765625,9.99873773515625,1.3035760625,1.3035647296875,64,20,512MiB,536870912.0,32.0KiB,4096.0,0.08021413717398977,0.5720139905925046,0.5719705375889679,0.5719703779581549,1280.0,32KiB,4.0,MemoryBound,0.11533609427459171
11.33243039609375,10.13916530859375,1.1932650875,1.19325367578125,64,20,512MiB,536870912.0,256.0KiB,32768.0,0.061616044963739576,0.5332440541296888,0.5267002984423343,0.5267001116115423,1280.0,256KiB,4.0,MemoryBound,0.1052954780284872
12.19905800546875,10.75653613046875,1.442521875,1.44251333203125,64,20,512MiB,536870912.0,2.0MiB,262144.0,0.05772619721998358,0.19029815754093052,0.18095207474639066,0.1809526108258993,1280.0,2MiB,4.0,MemoryBound,0.11824792794530378
21.102942634375,10.05385218671875,11.049090447656251,11.049082275,64,20,512MiB,536870912.0,16.0MiB,2097152.0,0.22503934791650687,0.527535766469728,0.5110816491773654,0.5110817628951502,1280.0,16MiB,4.0,MemoryBound,0.5235801691941261
11.323079209375,9.923672139843749,1.3994070695312502,1.39939565546875,64,20,512MiB,536870912.0,32.0KiB,4096.0,0.06431481416944243,0.6763013455603031,0.6676816901802642,0.6676816387408366,1280.0,32KiB,8.0,MemoryBound,0.12358790657492826
11.347162990625,10.1465314640625,1.2006315265625,1.20062009921875,64,20,512MiB,536870912.0,256.0KiB,32768.0,0.07370483540187239,0.5361087169883887,0.5326250259889445,0.5326248418246239,1280.0,256KiB,8.0,MemoryBound,0.10580795395383846
13.10835167578125,10.178200682812498,2.9301509929687497,2.9301420914062497,64,20,512MiB,536870912.0,2.0MiB,262144.0,0.14821074369811124,0.3976227735750278,0.3551393796635677,0.3551398215269552,1280.0,2MiB,8.0,MemoryBound,0.22353245960130338
31.226788303124998,9.667747568749999,21.559040734375,21.55903306015625,64,20,512MiB,536870912.0,16.0MiB,2097152.0,0.42766503287707025,0.7209888550181293,0.7042898523646256,0.7042899501435314,1280.0,16MiB,8.0,MemoryBound,0.6904018706912214
